{"name":"Spark","tagline":" ▁▂▃▅▂▇ in your shell.","body":"# spark\r\n### sparklines for your shell\r\n\r\nSee? Here's a graph of your productivity gains after using spark: ▁▂▃▅▇\r\n\r\n## install\r\n\r\nspark is a [shell script][bin], so drop it somewhere and make sure it's added\r\nto your `$PATH`. It's helpful if you have a super-neat collection of dotfiles,\r\n[like mine][dotfiles].\r\n\r\nIf you're on OS X, spark is also on [Homebrew][brew]:\r\n\r\n    brew install spark\r\n\r\n## usage\r\n\r\nJust run `spark` and pass it a list of numbers (comma-delimited, spaces,\r\nwhatever you'd like). It's designed to be used in conjunction with other\r\nscripts that can output in that format.\r\n\r\n    spark 0 30 55 80 33 150\r\n    ▁▂▃▅▂▇\r\n\r\nInvoke help with `spark -h`.\r\n\r\n## cooler usage\r\n\r\nThere's a lot of stuff you can do.\r\n\r\nNumber of commits to the github/github Git repository, by author:\r\n\r\n```sh\r\n› git shortlog -s |\r\n      cut -f1 |\r\n      spark\r\n  ▁▁▁▁▁▁▁▁▁▁▁▁▁▁▁▁▁▁▁▁▁▁▁▁▃▁▁▁▁▁▁▁▁▂▁▁▅▁▂▁▁▁▂▁▁▁▁▁▁\r\n```\r\n\r\nMagnitude of earthquakes over 1.0 in the last 24 hours:\r\n\r\n```sh\r\n› curl http://earthquake.usgs.gov/earthquakes/catalogs/eqs1day-M1.txt --silent | \r\n  sed '1d' |\r\n  cut -d, -f9 |\r\n  spark\r\n  ▅▆▂▃▂▂▂▅▂▂▅▇▂▂▂▃▆▆▆▅▃▂▂▂▁▂▂▆▁▃▂▂▂▂▃▂▆▂▂▂▁▂▂▃▂▂▃▂▂\r\n```\r\n\r\nCode visualization. The number of characters of `spark` itself, by line, ignoring empty lines:\r\n\r\n```sh\r\n› awk '{ print length($0) }' spark |\r\n  grep -Ev 0 |\r\n  spark\r\n  ▁▁▁▁▅▁▇▁▁▅▁▁▁▁▁▂▂▁▃▃▁▁▃▁▃▁▂▁▁▂▂▅▂▃▂▃▃▁▆▃▃▃▁▇▁▁▂▂▂▇▅\r\n```\r\n\r\nSince it's just a shell script, you could pop it in your prompt, too:\r\n\r\n```\r\nruby-1.8.7-p334 in spark/ on master with history: ▂▅▇▂\r\n›\r\n```\r\n\r\n## wicked cool usage\r\n\r\nSounds like a wiki is a great place to collect all of your \r\n[wicked cool usage][wiki] for spark.\r\n\r\n## ▇▁ ⟦⟧ ▇▁\r\n\r\nThis is a [@holman][holman] joint.\r\n\r\n[dotfiles]: https://github.com/holman/dotfiles\r\n[brew]:     https://github.com/mxcl/homebrew\r\n[bin]:      https://github.com/holman/spark/blob/master/spark\r\n[wiki]:     https://github.com/holman/spark/wiki/Wicked-Cool-Usage\r\n[holman]:   https://twitter.com/holman\r\n","google":"","note":"Don't delete this file! It's used internally to help with page regeneration."}